<?xml version="1.0" encoding="UTF-8"?>
<window id="1133" type="dialog">
	<defaultcontrol always="true">90200</defaultcontrol>
	<include>DialogOpenCloseAnimation</include>
	<controls>
		<control type="grouplist" id="90200">
			<left>705</left>
			<width>510</width>
			<height>1080</height>
			<onleft>90200</onleft>
			<onright>90200</onright>
			<onup>90200</onup>
			<ondown>90200</ondown>
			<align>center</align>
			<control type="image" id="90201">
				<width>510</width>
				<height>34</height>
				<texture border="30,20,30,2">dialog_top2.png</texture>
			</control>
			<control type="button" id="90202">
				<description>Trakt Rate button</description>
				<width>510</width>
				<textwidth>435</textwidth>
				<textoffsetx>45</textoffsetx>
				<texturefocus colordiffuse="$VAR[HighlightBarColor]" border="35,2,35,2">button_shutdown_focus.png</texturefocus>
				<texturenofocus border="35,2,35,2">button_shutdown_nofocus.png</texturenofocus>
				<onclick>Dialog.Close(1119)</onclick>
				<onclick>Dialog.Close(MovieInformation)</onclick>
				<onclick>RunScript(script.trakt,action=rate)</onclick>
				<label>$LOCALIZE[31970]</label>
				<visible>!Skin.HasSetting(KioskMode.Enabled)</visible>
				<visible>System.HasAddon(script.trakt) + [Container.Content(movies) | Container.Content(tvshows) | Container.Content(seasons) | Container.Content(episodes)]</visible>
			</control>
			<control type="button" id="90901">
				<description>ExtendedInfo</description>
				<width>510</width>
				<textwidth>435</textwidth>
				<textoffsetx>45</textoffsetx>
				<texturefocus colordiffuse="$VAR[HighlightBarColor]" border="35,2,35,2">button_shutdown_focus.png</texturefocus>
				<texturenofocus border="35,2,35,2">button_shutdown_nofocus.png</texturenofocus>
				<onclick>Dialog.Close(1119)</onclick>
				<onclick condition="Container.Content(movies)">RunScript(script.extendedinfo,info=extendedinfo,dbid=$INFO[ListItem.DBID],name=$INFO[ListItem.Title])</onclick>
				<onclick condition="Container.Content(tvshows)">RunScript(script.extendedinfo,info=extendedtvinfo,dbid=$INFO[ListItem.DBID])</onclick>
				<label>$INFO[System.AddonTitle(script.extendedinfo)]</label>
				<visible>System.HasAddon(script.extendedinfo) + [Container.Content(movies) | Container.Content(tvshows)]</visible>
			</control>
			<control type="button" id="90904">
				<description>CinemaVision</description>
				<width>510</width>
				<textwidth>435</textwidth>
				<textoffsetx>45</textoffsetx>
				<texturefocus colordiffuse="$VAR[HighlightBarColor]" border="35,2,35,2">button_shutdown_focus.png</texturefocus>
				<texturenofocus border="35,2,35,2">button_shutdown_nofocus.png</texturenofocus>
				<label>$INFO[System.AddonTitle(script.cinemavision)]</label>
				<onclick>Dialog.Close(1119)</onclick>
				<onclick>RunScript(script.cinemavision,dbtype=$INFO[ListItem.DBTYPE],dbid=$INFO[ListItem.DBID])</onclick>
				<visible>System.HasAddon(script.cinemavision) + [String.IsEqual(ListItem.DBTYPE,movie) | String.IsEqual(ListItem.DBTYPE,tvshow) | String.IsEqual(ListItem.DBTYPE,season) | String.IsEqual(ListItem.DBTYPE,episode)] + String.IsEqual(Skin.String(CinemaVision.Button),$LOCALIZE[31014]) + String.IsEmpty(Window(Home).Property(script.cinemavision.running))</visible>
			</control>
			<control type="button" id="90905">
				<description>Artwork beef button</description>
				<width>510</width>
				<textwidth>435</textwidth>
				<textoffsetx>45</textoffsetx>
				<texturefocus colordiffuse="$VAR[HighlightBarColor]" border="35,2,35,2">button_shutdown_focus.png</texturefocus>
				<texturenofocus border="35,2,35,2">button_shutdown_nofocus.png</texturenofocus>
				<onclick>Dialog.Close(1119)</onclick>
				<onclick condition="Container.Content(movies)">RunScript(script.artwork.beef, mediatype=movie, dbid=$INFO[ListItem.DBID])</onclick>
				<onclick condition="Container.Content(tvshows)">RunScript(script.artwork.beef, mediatype=tvshow, dbid=$INFO[ListItem.DBID])</onclick>
				<onclick condition="Container.Content(episodes)">RunScript(script.artwork.beef, mediatype=episode, dbid=$INFO[ListItem.DBID])</onclick>
				<onclick condition="String.IsEqual(ListItem.DBTYPE,artist)">RunScript(script.artwork.beef, mediatype=artist, dbid=$INFO[ListItem.DBID])</onclick>
				<onclick condition="String.IsEqual(ListItem.DBTYPE,album)">RunScript(script.artwork.beef, mediatype=album, dbid=$INFO[ListItem.DBID])</onclick>
				<onclick condition="String.IsEqual(ListItem.DBTYPE,song)">RunScript(script.artwork.beef, mediatype=song, dbid=$INFO[ListItem.DBID])</onclick>
				<label>$INFO[System.AddonTitle(script.artwork.beef)]</label>
				<visible>!Skin.HasSetting(KioskMode.Enabled)</visible>
				<visible>System.HasAddon(script.artwork.beef) + [String.IsEqual(ListItem.DBTYPE,movie) | String.IsEqual(ListItem.DBTYPE,tvshow) | String.IsEqual(ListItem.DBTYPE,episode) | String.IsEqual(ListItem.DBTYPE,artist) | String.IsEqual(ListItem.DBTYPE,album) | String.IsEqual(ListItem.DBTYPE,song)]</visible>
			</control>
			<control type="button" id="90906">
				<description>Artwork beef button</description>
				<width>510</width>
				<textwidth>435</textwidth>
				<textoffsetx>45</textoffsetx>
				<texturefocus colordiffuse="$VAR[HighlightBarColor]" border="35,2,35,2">button_shutdown_focus.png</texturefocus>
				<texturenofocus border="35,2,35,2">button_shutdown_nofocus.png</texturenofocus>
				<onclick>Dialog.Close(1119)</onclick>
				<onclick condition="String.IsEqual(ListItem.DBTYPE,movie)">RunScript(script.artwork.beef, mode=gui, mediatype=movie, dbid=$INFO[ListItem.DBID])</onclick>
				<onclick condition="String.IsEqual(ListItem.DBTYPE,tvshow)">RunScript(script.artwork.beef, mode=gui, mediatype=tvshow, dbid=$INFO[ListItem.DBID])</onclick>
				<onclick condition="String.IsEqual(ListItem.DBTYPE,episode)">RunScript(script.artwork.beef, mode=gui, mediatype=episode, dbid=$INFO[ListItem.DBID])</onclick>
				<onclick condition="String.IsEqual(ListItem.DBTYPE,artist)">RunScript(script.artwork.beef, mode=gui, mediatype=artist, dbid=$INFO[ListItem.DBID])</onclick>
				<onclick condition="String.IsEqual(ListItem.DBTYPE,album)">RunScript(script.artwork.beef, mode=gui, mediatype=album, dbid=$INFO[ListItem.DBID])</onclick>
				<onclick condition="String.IsEqual(ListItem.DBTYPE,song)">RunScript(script.artwork.beef, mode=gui, mediatype=song, dbid=$INFO[ListItem.DBID])</onclick>
				<label>$INFO[System.AddonTitle(script.artwork.beef),,: $LOCALIZE[413]]</label>
				<visible>!Skin.HasSetting(KioskMode.Enabled)</visible>
				<visible>System.HasAddon(script.artwork.beef) + [String.IsEqual(ListItem.DBTYPE,movie) | String.IsEqual(ListItem.DBTYPE,tvshow) | String.IsEqual(ListItem.DBTYPE,episode) | String.IsEqual(ListItem.DBTYPE,artist) | String.IsEqual(ListItem.DBTYPE,album) | String.IsEqual(ListItem.DBTYPE,song)]</visible>
			</control>
			<control type="button" id="90206">
				<description>Edit button</description>
				<width>510</width>
				<textwidth>435</textwidth>
				<textoffsetx>45</textoffsetx>
				<texturefocus colordiffuse="$VAR[HighlightBarColor]" border="35,2,35,2">button_shutdown_focus.png</texturefocus>
				<texturenofocus border="35,2,35,2">button_shutdown_nofocus.png</texturenofocus>
				<onclick>Dialog.Close(1119)</onclick>
				<onclick>RunScript(script.libraryeditor,DBID=$INFO[ListItem.DBID])</onclick>
				<label>21435</label>
				<visible>!Skin.HasSetting(KioskMode.Enabled) + !Window.IsActive(home)</visible>
				<visible>System.HasAddon(script.libraryeditor)</visible>
			</control>
			<control type="button" id="90207">
				<description>Rating Update button</description>
				<width>510</width>
				<textwidth>435</textwidth>
				<textoffsetx>45</textoffsetx>
				<texturefocus colordiffuse="$VAR[HighlightBarColor]" border="35,2,35,2">button_shutdown_focus.png</texturefocus>
				<texturenofocus border="35,2,35,2">button_shutdown_nofocus.png</texturenofocus>
				<onclick>Dialog.Close(1119)</onclick>
				<onclick>RunScript(script.ratingupdate,Single=Movie)</onclick>
				<label>31067</label>
				<visible>!Skin.HasSetting(KioskMode.Enabled)</visible>
				<visible>System.HasAddon(script.ratingupdate)</visible>
				<visible>Container.Content(movies) | Container.Content(tvshows)</visible>
			</control>
			<control type="button" id="90209">
				<description>Extras button</description>
				<width>510</width>
				<textwidth>435</textwidth>
				<textoffsetx>45</textoffsetx>
				<texturefocus colordiffuse="$VAR[HighlightBarColor]" border="35,2,35,2">button_shutdown_focus.png</texturefocus>
				<texturenofocus border="35,2,35,2">button_shutdown_nofocus.png</texturenofocus>
				<onclick>Dialog.Close(1119)</onclick>
				<onclick condition="!Container.Content(tvshows)">RunScript(script.videoextras,display,"$INFO[ListItem.FilenameAndPath]")</onclick>
				<onclick condition="Container.Content(tvshows)">RunScript(script.videoextras,display,"$INFO[ListItem.Path]")</onclick>
				<label>$INFO[System.AddonTitle(script.videoextras)]</label>
				<visible>System.HasAddon(script.videoextras)</visible>
				<visible>[Container.Content(movies) | Container.Content(tvshows) | Container.Content(episodes) | Container.Content(musicvideos)]</visible>
			</control>
			<control type="button" id="90210">
				<description>Search YouTube button</description>
				<width>510</width>
				<textwidth>435</textwidth>
				<textoffsetx>45</textoffsetx>
				<texturefocus colordiffuse="$VAR[HighlightBarColor]" border="35,2,35,2">button_shutdown_focus.png</texturefocus>
				<texturenofocus border="35,2,35,2">button_shutdown_nofocus.png</texturenofocus>
				<onclick>Dialog.Close(all,true)</onclick>
				<onclick>ActivateWindow(videos,$ESCINFO[ListItem.Label,plugin://plugin.video.youtube/?path=/root/search&amp;feed=search&amp;search=],return)</onclick>
				<label>$INFO[System.AddonTitle(plugin.video.youtube)]</label>
				<visible>System.HasAddon(plugin.video.youtube) + [Container.Content(albums) | Container.Content(songs)]</visible>
			</control>
			<control type="button" id="90211">
				<description>Add album as startup playlist button</description>
				<width>510</width>
				<textwidth>435</textwidth>
				<textoffsetx>45</textoffsetx>
				<texturefocus colordiffuse="$VAR[HighlightBarColor]" border="35,2,35,2">button_shutdown_focus.png</texturefocus>
				<texturenofocus border="35,2,35,2">button_shutdown_nofocus.png</texturenofocus>
				<onclick>Dialog.Close(1119)</onclick>
				<onclick>Skin.SetString(Startup_Playlist_Path,RunScript(script.playalbum,albumid=$INFO[ListItem.DBID]))</onclick>
				<label>31089</label>
				<visible>!Skin.HasSetting(KioskMode.Enabled)</visible>
				<visible>System.HasAddon(script.playalbum) + Container.Content(albums)</visible>
			</control>
			<control type="button" id="90212">
				<description>FS Fanart button</description>
				<width>510</width>
				<textwidth>435</textwidth>
				<textoffsetx>45</textoffsetx>
				<texturefocus colordiffuse="$VAR[HighlightBarColor]" border="35,2,35,2">button_shutdown_focus.png</texturefocus>
				<texturenofocus border="35,2,35,2">button_shutdown_nofocus.png</texturenofocus>
				<onclick>SetProperty(FSFanart,$INFO[ListItem.Art(fanart)],movieinformation)</onclick>
				<onclick>ActivateWindow(1113)</onclick>
				<label>$LOCALIZE[31092]</label>
				<visible>!Window.IsActive(home)</visible>
			</control>
			<control type="button" id="90213">
				<description>Concerts in google maps addon</description>
				<width>510</width>
				<textwidth>435</textwidth>
				<textoffsetx>45</textoffsetx>
				<texturefocus colordiffuse="$VAR[HighlightBarColor]" border="35,2,35,2">button_shutdown_focus.png</texturefocus>
				<texturenofocus border="35,2,35,2">button_shutdown_nofocus.png</texturenofocus>
				<onclick>RunScript(script.maps.browser,artist=$INFO[ListItem.Artist])</onclick>
				<onclick>Dialog.Close(1119)</onclick>
				<label>$LOCALIZE[31096]</label>
				<visible>Container.Content(artists) + System.HasAddon(script.maps.browser)</visible>
			</control>
			<control type="button" id="90913">
				<width>510</width>
				<textwidth>435</textwidth>
				<textoffsetx>45</textoffsetx>
				<texturefocus colordiffuse="$VAR[HighlightBarColor]" border="35,2,35,2">button_shutdown_focus.png</texturefocus>
				<texturenofocus border="35,2,35,2">button_shutdown_nofocus.png</texturenofocus>
				<onclick>ActivateWindow(1114)</onclick>
				<label>$LOCALIZE[5]</label>
				<visible>!Skin.HasSetting(KioskMode.Enabled)</visible>
			</control>
			<control type="button" id="90214">
				<description>No extra features button</description>
				<width>510</width>
				<textwidth>435</textwidth>
				<textoffsetx>45</textoffsetx>
				<texturefocus colordiffuse="$VAR[HighlightBarColor]" border="35,2,35,2">button_shutdown_focus.png</texturefocus>
				<texturenofocus border="35,2,35,2">button_shutdown_nofocus.png</texturenofocus>
				<onclick>Dialog.Close(1119)</onclick>
				<label>$LOCALIZE[31075]</label>
				<visible>![Control.IsVisible(90202) | Control.IsVisible(90901) | Control.IsVisible(90904) | Control.IsVisible(90204) | Control.IsVisible(90205) | Control.IsVisible(90206) | Control.IsVisible(90207) | Control.IsVisible(90208) | Control.IsVisible(90209) | Control.IsVisible(90210) | Control.IsVisible(90211) | Control.IsVisible(90212) | Control.IsVisible(90213) | Control.IsVisible(90913)]</visible>
			</control>
			<control type="image" id="90215">
				<width>510</width>
				<height>34</height>
				<texture border="30,2,30,20">dialog_bottom2.png</texture>
			</control>
		</control>
	</controls>
</window>