<?xml version="1.0" encoding="UTF-8"?>
<window>
    <!-- skinsettings -->
    <backgroundcolor>Background</backgroundcolor>
    <defaultcontrol always="true">8001</defaultcontrol>
    <onload condition="String.IsEmpty(Skin.String(home.mainheadertext))">Skin.SetString(home.mainheadertext,$LOCALIZE[31158])</onload>
    <onload condition="String.IsEmpty(Skin.String(home.headertext))">Skin.SetString(home.headertext,$LOCALIZE[10000])</onload>
    <onload condition="String.IsEmpty(Skin.String(home.widgetposters))">Skin.SetString(home.widgetposters,$LOCALIZE[31153])</onload>
    <onload condition="Skin.HasSetting(EnableColorFilter) + String.IsEmpty(Skin.String(global.background))">Skin.SetString(global.background,special://skin/extras/backgrounds/overlays/pattern0.jpg)</onload>
    <onunload>RunScript(script.skinshortcutszephyr,type=buildxml&amp;mainmenuID=9000&amp;group=mainmenu|x1101|x1102|x1103|x1104|x1105|x1106|x1107|x1108|x1109|x1111|x1112|x1113|x1114|x1115|x1116|x1117|x1118|x1119|powermenu)</onunload>
    <include condition="!Skin.HasSetting(store_init)">Defs_Store_Init</include>
    
    <controls>
        <include>Furniture_Background</include>
        <include>Furniture_TopBar</include>
        <include>Furniture_RSS</include>

        <!-- Settings -->
        <control type="group">
            <include condition="Window.Previous(Settings.xml) | Window.Previous(SettingsCategory.xml) | Window.Previous(SkinSettings.xml)">Defs_SettingsScreen</include>
        </control>
        <control type="group">
            <include>Animation_FadeIn</include>
            <include>Animation_FadeOut</include>
            <include>GlobalOverlay</include>
        </control>
        <!-- Main -->
        <control type="group">
            <include>Animation_SlideIn</include>
            <include>Animation_FadeOut</include>
            <include>Defs_ViewBackground</include>

            <control type="group">
                <left>bigpad</left>
                <right>bigpad</right>
                <top>-8</top>
                <bottom>bigpad</bottom>
                <include>Dialog_Background</include>
                <include content="Dialog_Top_IconHeader">
                    <param name="label" value="$VAR[Label_SettingsHeader,, $LOCALIZE[5]]" />
                    <param name="icon" value="$VAR[Image_SettingsHeader]" />
                </include>
                <!-- Left List -->
                <control type="group">
                    <left>bigpad</left>
                    <top>80</top>
                    <bottom>20</bottom>
                    <width>465</width>
                    <include>Object_FlatBackground</include>
                    <control type="grouplist" id="8000">
                        <top>0</top>
                        <itemgap>0</itemgap>
                        <onright>9001</onright>
                        <onup>noop</onup>
                        <ondown>noop</ondown>
                        <!-- HOME -->
                        <control type="togglebutton" id="8001">
                            <width>100%</width>
                            <label>10000</label>
                            <altlabel>[COLOR=Selected]$LOCALIZE[10000][/COLOR]</altlabel>
                            <usealttexture>ControlGroup(8000).HasFocus(8001)</usealttexture>
                            <alttexturenofocus colordiffuse="$VAR[HighlightColor]">common/white-50.png</alttexturenofocus>
                            <height>72</height>
                            <include>Defs_OptionButton</include>
                        </control>
                        <!-- BACKGROUND -->
                        <control type="togglebutton" id="8002">
                            <width>100%</width>
                            <label>31020</label>
                            <altlabel>[COLOR=Selected]$LOCALIZE[31020][/COLOR]</altlabel>
                            <usealttexture>ControlGroup(8000).HasFocus(8002)</usealttexture>
                            <alttexturenofocus colordiffuse="$VAR[HighlightColor]">common/white-50.png</alttexturenofocus>
                            <height>72</height>
                            <include>Defs_OptionButton</include>
                        </control>
                        <!-- LIBRARY -->
                        <control type="togglebutton" id="8005">
                            <width>100%</width>
                            <label>15100</label>
                            <altlabel>[COLOR=Selected]$LOCALIZE[15100][/COLOR]</altlabel>
                            <usealttexture>ControlGroup(8000).HasFocus(8005)</usealttexture>
                            <alttexturenofocus colordiffuse="$VAR[HighlightColor]">common/white-50.png</alttexturenofocus>
                            <height>72</height>
                            <include>Defs_OptionButton</include>
                        </control>
                        <!-- HEADER -->
                        <control type="togglebutton" id="8007">
                            <width>100%</width>
                            <label>31127</label>
                            <altlabel>[COLOR=Selected]$LOCALIZE[31127][/COLOR]</altlabel>
                            <usealttexture>ControlGroup(8000).HasFocus(8007)</usealttexture>
                            <alttexturenofocus colordiffuse="$VAR[HighlightColor]">common/white-50.png</alttexturenofocus>
                            <height>72</height>
                            <include>Defs_OptionButton</include>
                        </control>
                        <!-- COLORS -->
                        <control type="togglebutton" id="8008">
                            <width>100%</width>
                            <label>31126</label>
                            <altlabel>[COLOR=Selected]$LOCALIZE[31126][/COLOR]</altlabel>
                            <usealttexture>ControlGroup(8000).HasFocus(8008)</usealttexture>
                            <alttexturenofocus colordiffuse="$VAR[HighlightColor]">common/white-50.png</alttexturenofocus>
                            <height>72</height>
                            <include>Defs_OptionButton</include>
                        </control>
                        <!-- MUSIC AND VIDEO OSD -->
                        <control type="togglebutton" id="8003">
                            <width>100%</width>
                            <label>31210</label>
                            <altlabel>[COLOR=Selected]$LOCALIZE[31210][/COLOR]</altlabel>
                            <usealttexture>ControlGroup(8000).HasFocus(8003)</usealttexture>
                            <alttexturenofocus colordiffuse="$VAR[HighlightColor]">common/white-50.png</alttexturenofocus>
                            <height>72</height>
                            <include>Defs_OptionButton</include>
                        </control>
                        <!-- EXTRAS -->
                        <control type="togglebutton" id="8009">
                            <width>100%</width>
                            <label>$LOCALIZE[31219]</label>
                            <altlabel>[COLOR=Selected]$LOCALIZE[31219][/COLOR]</altlabel>
                            <usealttexture>ControlGroup(8000).HasFocus(8009)</usealttexture>
                            <alttexturenofocus colordiffuse="$VAR[HighlightColor]">common/white-50.png</alttexturenofocus>
                            <height>72</height>
                            <include>Defs_OptionButton</include>
                        </control>
                        <!-- INSTALL ADDONS -->
                        <control type="togglebutton" id="8006">
                            <width>100%</width>
                            <label>31198</label>
                            <altlabel>[COLOR=Selected]$LOCALIZE[31198][/COLOR]</altlabel>
                            <usealttexture>ControlGroup(8000).HasFocus(8006)</usealttexture>
                            <alttexturenofocus colordiffuse="$VAR[HighlightColor]">common/white-50.png</alttexturenofocus>
                            <height>72</height>
                            <include>Defs_OptionButton</include>
                        </control>
                        <!-- RESET SKIN -->
                        <control type="togglebutton" id="8099">
                            <width>100%</width>
                            <label>31170</label>
                            <altlabel>[COLOR=Selected]$LOCALIZE[31170][/COLOR]</altlabel>
                            <usealttexture>ControlGroup(8000).HasFocus(8099)</usealttexture>
                            <alttexturenofocus colordiffuse="$VAR[HighlightColor]">common/white-50.png</alttexturenofocus>
                            <height>72</height>
                            <include>Defs_OptionButton</include>
                        </control>
                    </control>
                </control>
                <!-- Right List -->
                <control type="group">
                    <left>505</left>
                    <top>80</top>
                    <bottom>20</bottom>
                    <right>bigpad</right>
                    <include>Object_FlatBackground</include>
                    <control type="grouplist" id="9001">
                        <itemgap>0</itemgap>
                        <onleft>8000</onleft>
                        <!-- HOME -->
                        <!-- Label -->
                        <control type="label" id="8101">
                            <width>100%</width>
                            <label>31206</label>
                            <height>72</height>
                            <font>Font-ListInfo-Small-Bold</font>
                            <include>Defs_OptionButton</include>
                            <visible>ControlGroup(8000).HasFocus(8001)</visible>
                        </control>
                        <!-- Customise Home Menu -->
                        <control type="button" id="8102">
                            <width>100%</width>
                            <label>31049</label>
                            <onclick>RunScript(script.skinshortcutszephyr,type=manage&amp;group=mainmenu)</onclick>
                            <height>72</height>
                            <include>Defs_OptionButton</include>
                            <visible>ControlGroup(8000).HasFocus(8001)</visible>
                        </control>
                        <!-- Fallback Widget -->
                        <control type="button" id="8103">
                            <width>100%</width>
                            <label>31147</label>
                            <label2>$VAR[Label_SkinSetting_FallbackWidget]</label2>
                            <onclick>RunScript(script.skinshortcutszephyr,type=widgets&amp;grouping=widget&amp;skinWidgetPath=home.fallbackwidget&amp;skinWidget=home.fallbackwidget.node&amp;skinWidgetName=home.fallbackwidget.name&amp;skinWidgetType=home.fallbackwidget.type&amp;skinWidgetTarget=home.fallbackwidget.target)</onclick>
                            <height>72</height>
                            <include>Defs_OptionButton</include>
                            <visible>ControlGroup(8000).HasFocus(8001)</visible>
                        </control>
                        
                        <!-- Widget Info Box -->
                        <control type="radiobutton" id="8105">
                            <width>100%</width>
                            <label>31016</label>
                            <radioposx>settingsradioposx</radioposx>
                            <selected>!Skin.HasSetting(home.hidewidgetbox)</selected>
                            <onclick condition="!Skin.HasSetting(home.hidewidgetbox) + String.IsEqual(Skin.String(home.widgetposters),$LOCALIZE[31153])">Skin.SetString(home.widgetposters,$LOCALIZE[31154])</onclick>
                            <onclick>Skin.ToggleSetting(home.hidewidgetbox)</onclick>
                            <height>72</height>
                            <include>Defs_OptionButton</include>
                            <visible>ControlGroup(8000).HasFocus(8001)</visible>
                        </control>
                        <!-- Widget Posters -->
                        <control type="button" id="8106">
                            <width>100%</width>
                            <label>31150</label>
                            <label2>$INFO[Skin.String(home.widgetposters)]</label2>
                            <radioposx>settingsradioposx</radioposx>
                            <onclick condition="!String.IsEqual(Skin.String(home.widgetposters),$LOCALIZE[31166]) + !String.IsEqual(Skin.String(home.widgetposters),$LOCALIZE[31155]) + !String.IsEqual(Skin.String(home.widgetposters),$LOCALIZE[31153])">Skin.SetString(home.widgetposters,$LOCALIZE[31166])</onclick>
                            <onclick condition="!String.IsEqual(Skin.String(home.widgetposters),$LOCALIZE[31155]) + !String.IsEqual(Skin.String(home.widgetposters),$LOCALIZE[31153]) + !String.IsEqual(Skin.String(home.widgetposters),$LOCALIZE[31154])">Skin.SetString(home.widgetposters,$LOCALIZE[31155])</onclick>
                            <onclick condition="!String.IsEqual(Skin.String(home.widgetposters),$LOCALIZE[31166]) + !String.IsEqual(Skin.String(home.widgetposters),$LOCALIZE[31155]) + !String.IsEqual(Skin.String(home.widgetposters),$LOCALIZE[31154])">Skin.SetString(home.widgetposters,$LOCALIZE[31154])</onclick>
                            <onclick condition="!String.IsEqual(Skin.String(home.widgetposters),$LOCALIZE[31166]) + !String.IsEqual(Skin.String(home.widgetposters),$LOCALIZE[31153]) + !String.IsEqual(Skin.String(home.widgetposters),$LOCALIZE[31154]) + !Skin.HasSetting(home.hidewidgetbox)">Skin.SetString(home.widgetposters,$LOCALIZE[31153])</onclick>
                            <onclick condition="!String.IsEqual(Skin.String(home.widgetposters),$LOCALIZE[31166]) + !String.IsEqual(Skin.String(home.widgetposters),$LOCALIZE[31153]) + !String.IsEqual(Skin.String(home.widgetposters),$LOCALIZE[31154]) + Skin.HasSetting(home.hidewidgetbox)">Skin.SetString(home.widgetposters,$LOCALIZE[31154])</onclick>
                            <height>72</height>
                            <include>Defs_OptionButton</include>
                            <visible>ControlGroup(8000).HasFocus(8001)</visible>
                        </control>
                        <!-- Widget DiscArt -->
                        <control type="radiobutton" id="8107">
                            <width>100%</width>
                            <label>31156</label>
                            <radioposx>settingsradioposx</radioposx>
                            <visible>!String.IsEqual(Skin.String(home.widgetposters),$LOCALIZE[31153]) + !String.IsEqual(Skin.String(home.widgetposters),$LOCALIZE[31154])</visible>
                            <selected>Skin.HasSetting(home.showdiscart)</selected>
                            <onclick>Skin.ToggleSetting(home.showdiscart)</onclick>
                            <height>72</height>
                            <include>Defs_OptionButton</include>
                            <visible>ControlGroup(8000).HasFocus(8001)</visible>
                        </control>
                        <!-- Don't hide the menu when widgets are focused -->
                        <control type="radiobutton" id="8104">
                            <width>100%</width>
                            <label>$LOCALIZE[31241]</label>
                            <radioposx>settingsradioposx</radioposx>
                            <selected>!Skin.HasSetting(widgets.donthidemenu)</selected>
                            <onclick>Skin.ToggleSetting(widgets.donthidemenu)</onclick>
                            <height>72</height>
                            <include>Defs_OptionButton</include>
                            <visible>ControlGroup(8000).HasFocus(8001)</visible>
                        </control>

                        <!-- Div SHOWCASE-->
                        <control type="image" id="8121">
                            <width>100%</width>
                            <height>72</height>
                            <texture border="30">common/div.png</texture>
                            <include>Defs_OptionButton</include>
                            <visible>ControlGroup(8000).HasFocus(8001)</visible>
                        </control>
                        <control type="label" id="8122">
                            <width>100%</width>
                            <label>$LOCALIZE[31246]</label>
                            <height>72</height>
                            <font>Font-ListInfo-Small-Bold</font>
                            <include>Defs_OptionButton</include>
                            <visible>ControlGroup(8000).HasFocus(8001)</visible>
                        </control>
                        <control type="radiobutton" id="8123">
                            <width>100%</width>
                            <label>$LOCALIZE[31247]</label>
                            <radioposx>settingsradioposx</radioposx>
                            <selected>!Skin.HasSetting(DisableShowcase)</selected>
                            <onclick>Skin.ToggleSetting(DisableShowcase)</onclick>
                            <height>72</height>
                            <include>Defs_OptionButton</include>
                            <visible>ControlGroup(8000).HasFocus(8001)</visible>
                        </control>
                        <control type="button" id="8124">
                            <width>100%</width>
                            <label>$LOCALIZE[31251]</label>
                            <onclick>ActivateWindow(1130)</onclick>
                            <height>72</height>
                            <include>Defs_OptionButton</include>
                            <visible>ControlGroup(8000).HasFocus(8001)</visible>
                        </control>
                        
                        


                        <!-- Div HEADER -->
                        <control type="image" id="8108">
                            <width>100%</width>
                            <height>72</height>
                            <texture border="30">common/div.png</texture>
                            <include>Defs_OptionButton</include>
                            <visible>ControlGroup(8000).HasFocus(8001)</visible>
                        </control>
                        <control type="label" id="8109">
                            <width>100%</width>
                            <label>31207</label>
                            <height>72</height>
                            <font>Font-ListInfo-Small-Bold</font>
                            <include>Defs_OptionButton</include>
                            <visible>ControlGroup(8000).HasFocus(8001)</visible>
                        </control>
                        <!-- Header Icon -->
                        <control type="button" id="8110">
                            <width>100%</width>
                            <label>31151</label>
                            <onclick condition="String.IsEmpty(Skin.String(home.headericon))">Skin.SetImage(home.headericon,special://skin/extras/icons/)</onclick>
                            <label2>$VAR[Label_SkinSetting_HeaderIcon]</label2>
                            <onclick condition="!String.IsEmpty(Skin.String(home.headericon))">Skin.Reset(home.headericon)</onclick>
                            <height>72</height>
                            <include>Defs_OptionButton</include>
                            <visible>ControlGroup(8000).HasFocus(8001)</visible>
                        </control>
                        <!-- Header Icon Text -->
                        <control type="button" id="8111">
                            <width>100%</width>
                            <label>31152</label>
                            <label2>$INFO[Skin.String(home.headertext)]</label2>
                            <onclick>Skin.SetString(home.headertext)</onclick>
                            <height>72</height>
                            <include>Defs_OptionButton</include>
                            <visible>ControlGroup(8000).HasFocus(8001)</visible>
                        </control>
                        <!-- Main Header Text -->
                        <control type="button" id="8112">
                            <width>100%</width>
                            <label>31157</label>
                            <label2>$INFO[Skin.String(home.mainheadertext)]</label2>
                            <onclick>Skin.SetString(home.mainheadertext)</onclick>
                            <height>72</height>
                            <include>Defs_OptionButton</include>
                            <visible>ControlGroup(8000).HasFocus(8001)</visible>
                        </control>
                        <!-- Div -->
                        <control type="image" id="8113">
                            <width>100%</width>
                            <height>72</height>
                            <texture border="30">common/div.png</texture>
                            <include>Defs_OptionButton</include>
                            <visible>ControlGroup(8000).HasFocus(8001)</visible>
                        </control>
                        <control type="label" id="8114">
                            <width>100%</width>
                            <label>31208</label>
                            <height>72</height>
                            <font>Font-ListInfo-Small-Bold</font>
                            <include>Defs_OptionButton</include>
                            <visible>ControlGroup(8000).HasFocus(8001)</visible>
                        </control>
                        <!-- Transparent Home Bar -->
                        <control type="radiobutton" id="8115">
                            <width>100%</width>
                            <label>31172</label>
                            <radioposx>settingsradioposx</radioposx>
                            <selected>Skin.HasSetting(home.transparent)</selected>
                            <onclick>Skin.ToggleSetting(home.transparent)</onclick>
                            <height>72</height>
                            <include>Defs_OptionButton</include>
                            <visible>ControlGroup(8000).HasFocus(8001)</visible>
                        </control>
                        <!-- Home Style -->
                        <control type="button" id="8116">
                            <width>100%</width>
                            <label>31173</label>
                            <label2>$INFO[Skin.String(home.style)]</label2>
                            <onclick condition="String.IsEmpty(Skin.String(home.style))">Skin.SetString(home.style,$LOCALIZE[31180])</onclick>
                            <onclick condition="String.IsEqual(Skin.String(home.style),$LOCALIZE[31180])">Skin.SetString(home.style,$LOCALIZE[31181])</onclick>
                            <onclick condition="String.IsEqual(Skin.String(home.style),$LOCALIZE[31181])">Skin.SetString(home.style,$LOCALIZE[31182])</onclick>
                            <onclick condition="String.IsEqual(Skin.String(home.style),$LOCALIZE[31182])">Skin.SetString(home.style,$LOCALIZE[31180])</onclick>
                            <height>72</height>
                            <include>Defs_OptionButton</include>
                            <visible>ControlGroup(8000).HasFocus(8001)</visible>
                        </control>
                        <!-- Disable Player Controls -->
                        <control type="radiobutton" id="8117">
                            <width>100%</width>
                            <label>$LOCALIZE[31058]</label>
                            <radioposx>settingsradioposx</radioposx>
                            <selected>!Skin.HasSetting(home.disableplayercontrols)</selected>
                            <onclick>Skin.ToggleSetting(home.disableplayercontrols)</onclick>
                            <height>72</height>
                            <include>Defs_OptionButton</include>
                            <visible>ControlGroup(8000).HasFocus(8001)</visible>
                        </control>



                        <!-- BACKGROUND -->
                        <control type="label" id="8201">
                            <width>100%</width>
                            <label>31020</label>
                            <height>72</height>
                            <font>Font-ListInfo-Small-Bold</font>
                            <include>Defs_OptionButton</include>
                            <visible>ControlGroup(8000).HasFocus(8002)</visible>
                        </control>
                        <!-- Fanart -->
                        <control type="radiobutton" id="8202">
                            <width>100%</width>
                            <label>31021</label>
                            <radioposx>settingsradioposx</radioposx>
                            <selected>!Skin.HasSetting(background.hidefanart) + !String.IsEqual(Skin.String(fanart.opacity),100)</selected>
                            <onclick condition="!String.IsEqual(Skin.String(fanart.opacity),100)">Skin.ToggleSetting(background.hidefanart)</onclick>
                            <onclick condition="String.IsEqual(Skin.String(fanart.opacity),100)">Skin.Reset(background.hidefanart)</onclick>
                            <onclick condition="String.IsEqual(Skin.String(fanart.opacity),100)">Skin.SetString(fanart.opacity,90)</onclick>
                            <height>72</height>
                            <include>Defs_OptionButton</include>
                            <visible>ControlGroup(8000).HasFocus(8002)</visible>
                        </control>
                        <!-- Show background video -->
                        <control type="radiobutton" id="8203">
                            <width>100%</width>
                            <label>31027</label>
                            <radioposx>settingsradioposx</radioposx>
                            <selected>Skin.HasSetting(background.showvideo)</selected>
                            <onclick>Skin.ToggleSetting(background.showvideo)</onclick>
                            <height>72</height>
                            <include>Defs_OptionButton</include>
                            <visible>ControlGroup(8000).HasFocus(8002)</visible>
                        </control>
                        <!-- Show background music -->
                        <control type="radiobutton" id="8204">
                            <width>100%</width>
                            <label>31028</label>
                            <radioposx>settingsradioposx</radioposx>
                            <selected>Skin.HasSetting(background.showvisualisation)</selected>
                            <onclick>Skin.ToggleSetting(background.showvisualisation)</onclick>
                            <height>72</height>
                            <include>Defs_OptionButton</include>
                            <visible>ControlGroup(8000).HasFocus(8002)</visible>
                        </control>
                        <!-- Animate Fanart -->
                        <control type="radiobutton" id="8205">
                            <width>100%</width>
                            <label>31116</label>
                            <radioposx>settingsradioposx</radioposx>
                            <selected>Skin.HasSetting(background.animate)</selected>
                            <onclick>Skin.ToggleSetting(background.animate)</onclick>
                            <height>72</height>
                            <include>Defs_OptionButton</include>
                            <visible>ControlGroup(8000).HasFocus(8002)</visible>
                        </control>
                        <!-- Overlay -->
                        <control type="button" id="8206">
                            <width>100%</width>
                            <label>31159</label>
                            <label2>$VAR[Label_SkinSetting_GlobalOverlay]</label2>
                            <onclick condition="String.IsEmpty(Skin.String(global.background)) | Skin.HasSetting(EnableColorFilter)">Skin.SetImage(global.background,special://skin/extras/backgrounds/overlays/)</onclick>
                            <onclick condition="!String.IsEmpty(Skin.String(global.background)) + !Skin.HasSetting(EnableColorFilter)">Skin.Reset(global.background)</onclick>
                            <height>72</height>
                            <include>Defs_OptionButton</include>
                            <visible>ControlGroup(8000).HasFocus(8002)</visible>
                        </control>
                        <control type="radiobutton" id="8209">
                            <width>100%</width>
                            <label>$LOCALIZE[31050]</label>
                            <radioposx>settingsradioposx</radioposx>
                            <selected>Skin.HasSetting(EnableColorFilter) + !String.IsEmpty(Skin.String(global.background))</selected>
                            <onclick condition="!Skin.HasSetting(EnableColorFilter) + String.IsEmpty(Skin.String(global.background))">Skin.SetBool(overlay.patterntemp)</onclick>
                            <onclick condition="!Skin.HasSetting(EnableColorFilter) + String.IsEmpty(Skin.String(global.background))">Skin.SetString(global.background,special://skin/extras/backgrounds/overlays/pattern0.jpg)</onclick>

                            <onclick condition="Skin.HasSetting(EnableColorFilter) + String.IsEqual(Skin.String(global.background),special://skin/extras/backgrounds/overlays/pattern0.jpg) + Skin.HasSetting(overlay.patterntemp)">Skin.Reset(global.background)</onclick>
                            <onclick condition="Skin.HasSetting(EnableColorFilter) + String.IsEqual(Skin.String(global.background),special://skin/extras/backgrounds/overlays/pattern0.jpg) + Skin.HasSetting(overlay.patterntemp)">Skin.Reset(overlay.patterntemp)</onclick>

                            <onclick>Skin.ToggleSetting(EnableColorFilter)</onclick>
                            <height>72</height>
                            <include>Defs_OptionButton</include>
                            <visible>ControlGroup(8000).HasFocus(8002)</visible>
                        </control>
                        <!-- Fallback Fanart -->
                        <control type="button" id="8207">
                            <width>100%</width>
                            <label>31146</label>
                            <label2>$VAR[Label_SkinSetting_FallbackFanart]</label2>
                            <onclick condition="String.IsEmpty(Skin.String(background.fallback))">Skin.SetImage(background.fallback)</onclick>
                            <onclick condition="!String.IsEmpty(Skin.String(background.fallback))">Skin.Reset(background.fallback)</onclick>
                            <height>72</height>
                            <include>Defs_OptionButton</include>
                            <visible>ControlGroup(8000).HasFocus(8002)</visible>
                        </control>
                        <!-- Fanart Opacity -->
                        <control type="button" id="8208">
                            <width>100%</width>
                            <label>31235</label>
                            <height>72</height>
                            <onclick condition="!String.IsEqual(Skin.String(fanart.opacity),50) + Skin.HasSetting(background.hidefanart)">Skin.Reset(background.hidefanart)</onclick>
                            <onclick condition="String.IsEqual(Skin.String(fanart.opacity),100)">Skin.SetString(fanart.opacity,90)</onclick>
                            <onclick condition="String.IsEqual(Skin.String(fanart.opacity),90) | String.IsEmpty(Skin.String(fanart.opacity))">Skin.SetString(fanart.opacity,80)</onclick>
                            <onclick condition="String.IsEqual(Skin.String(fanart.opacity),80)">Skin.SetString(fanart.opacity,70)</onclick>
                            <onclick condition="String.IsEqual(Skin.String(fanart.opacity),70)">Skin.SetString(fanart.opacity,60)</onclick>
                            <onclick condition="String.IsEqual(Skin.String(fanart.opacity),60)">Skin.SetString(fanart.opacity,50)</onclick>
                            <onclick condition="String.IsEqual(Skin.String(fanart.opacity),50)">Skin.SetBool(background.hidefanart)</onclick>
                            <onclick condition="String.IsEqual(Skin.String(fanart.opacity),50)">Skin.SetString(fanart.opacity,100)</onclick>
                            <!-- <onclick condition="String.IsEqual(Skin.String(fanart.opacity),50)">Skin.SetString(fanart.opacity,40)</onclick>
                            <onclick condition="String.IsEqual(Skin.String(fanart.opacity),40)">Skin.SetString(fanart.opacity,30)</onclick>
                            <onclick condition="String.IsEqual(Skin.String(fanart.opacity),30)">Skin.SetString(fanart.opacity,20)</onclick>
                            <onclick condition="String.IsEqual(Skin.String(fanart.opacity),20)">Skin.SetString(fanart.opacity,10)</onclick> -->
                            <label2 fallback="90%">$INFO[Skin.String(fanart.opacity),, %]</label2>
                            <include>Defs_OptionButton</include>
                            <visible>ControlGroup(8000).HasFocus(8002)</visible>
                        </control>

                        <!-- MUSIC VIDEO OSD -->
                        <!-- Video -->
                        <control type="label" id="8307">
                            <width>100%</width>
                            <label>31211</label>
                            <height>72</height>
                            <font>Font-ListInfo-Small-Bold</font>
                            <include>Defs_OptionButton</include>
                            <visible>ControlGroup(8000).HasFocus(8003)</visible>
                        </control>
                        <!-- Show Info -->
                        <control type="radiobutton" id="8308" description="Show Info">
                            <visible>ControlGroup(8000).HasFocus(8003)</visible>
                            <width>100%</width>
                            <radioposx>settingsradioposx</radioposx>
                            <height>72</height>
                            <include>Defs_OptionButton</include>
                            <label>31006</label>
                            <selected>Skin.HasSetting(videoosd.showinfo)</selected>
                            <onclick>Skin.ToggleSetting(videoosd.showinfo)</onclick>
                        </control>
                        <!-- Show Notification -->
                        <control type="radiobutton" id="8317" description="Show notifications">
                            <visible>ControlGroup(8000).HasFocus(8003)</visible>
                            <width>100%</width>
                            <radioposx>settingsradioposx</radioposx>
                            <height>72</height>
                            <include>Defs_OptionButton</include>
                            <label>$LOCALIZE[36609]</label>
                            <selected>!Skin.HasSetting(videoosd.hidenotification)</selected>
                            <onclick>Skin.ToggleSetting(videoosd.hidenotification)</onclick>
                        </control>
                        <!-- Show Notification -->
                        <control type="radiobutton" id="8318" description="Show top header text when paused or seeking">
                            <visible>ControlGroup(8000).HasFocus(8003)</visible>
                            <width>100%</width>
                            <radioposx>settingsradioposx</radioposx>
                            <height>72</height>
                            <include>Defs_OptionButton</include>
                            <label>$LOCALIZE[31060]</label>
                            <selected>!Skin.HasSetting(OSDNoInfo)</selected>
                            <onclick>Skin.ToggleSetting(OSDNoInfo)</onclick>
                        </control>
                        <!-- Show ClearARt -->
                        <control type="radiobutton" id="8319" description="Show clearart with seekbar">
                            <visible>ControlGroup(8000).HasFocus(8003)</visible>
                            <width>100%</width>
                            <radioposx>settingsradioposx</radioposx>
                            <height>72</height>
                            <include>Defs_OptionButton</include>
                            <label>$LOCALIZE[31061]</label>
                            <selected>Skin.HasSetting(osd.showclearart)</selected>
                            <onclick>Skin.ToggleSetting(osd.showclearart)</onclick>
                        </control>
                        <!-- Div -->
                        <control type="image" id="8306">
                            <width>100%</width>
                            <height>72</height>
                            <texture border="30">common/div.png</texture>
                            <include>Defs_OptionButton</include>
                            <visible>ControlGroup(8000).HasFocus(8003)</visible>
                        </control>
                        <!-- Music -->
                        <control type="label" id="8301">
                            <width>100%</width>
                            <label>31209</label>
                            <height>72</height>
                            <font>Font-ListInfo-Small-Bold</font>
                            <include>Defs_OptionButton</include>
                            <visible>ControlGroup(8000).HasFocus(8003)</visible>
                        </control>
                        <control type="radiobutton" id="8302" description="Show Fanart">
                            <visible>ControlGroup(8000).HasFocus(8003)</visible>
                            <width>100%</width>
                            <radioposx>settingsradioposx</radioposx>
                            <height>72</height>
                            <include>Defs_OptionButton</include>
                            <label>31021</label>
                            <selected>Skin.HasSetting(musicvis.fanartfallback)</selected>
                            <enable>!Skin.HasSetting(ArtistSlideShow.Enabled)</enable>
                            <onclick>Skin.ToggleSetting(musicvis.fanartfallback)</onclick>
                        </control>
                        <control type="radiobutton" id="8303" description="Use artist slideshow">
                            <visible>ControlGroup(8000).HasFocus(8003)</visible>
                            <width>100%</width>
                            <radioposx>settingsradioposx</radioposx>
                            <height>72</height>
                            <include>Defs_OptionButton</include>
                            <label>31120</label>
                            <selected>Skin.HasSetting(ArtistSlideShow.Enabled)</selected>
                            <onclick>Skin.ToggleSetting(ArtistSlideShow.Enabled)</onclick>
                        </control>
                        <control type="radiobutton" id="8304" description="Show visualisation with slideshow">
                            <visible>ControlGroup(8000).HasFocus(8003)</visible>
                            <width>100%</width>
                            <radioposx>settingsradioposx</radioposx>
                            <height>72</height>
                            <include>Defs_OptionButton</include>
                            <label>31119</label>
                            <selected>Skin.HasSetting(OSDVisualisation.ShowFanart)</selected>
                            <onclick>Skin.ToggleSetting(OSDVisualisation.ShowFanart)</onclick>
                            <enable>Skin.HasSetting(musicvis.fanartfallback) | Skin.HasSetting(ArtistSlideShow.Enabled)</enable>
                        </control>
                        <control type="radiobutton" id="8305" description="Animate Artist slideshow">
                            <visible>ControlGroup(8000).HasFocus(8003)</visible>
                            <width>100%</width>
                            <radioposx>settingsradioposx</radioposx>
                            <height>72</height>
                            <include>Defs_OptionButton</include>
                            <label>31118</label>
                            <selected>Skin.HasSetting(ArtistSlideshow.Animate)</selected>
                            <onclick>Skin.ToggleSetting(ArtistSlideshow.Animate)</onclick>
                            <enable>Skin.HasSetting(musicvis.fanartfallback) | Skin.HasSetting(ArtistSlideShow.Enabled)</enable>
                        </control>
                        <control type="radiobutton" id="8309" description="Video Lyrics">
                            <visible>ControlGroup(8000).HasFocus(8003)</visible>
                            <width>100%</width>
                            <radioposx>settingsradioposx</radioposx>
                            <height>72</height>
                            <include>Defs_OptionButton</include>
                            <label>$LOCALIZE[31023]</label>
                            <selected>!Skin.HasSetting(DisableVideoLyrics)</selected>
                            <onclick>Skin.ToggleSetting(DisableVideoLyrics)</onclick>
                            <onclick>ReloadSkin()</onclick>
                            <onclick>SetFocus(8003)</onclick>
                            <onclick>AlarmClock(setfo,SetFocus(8309),00:00,silent)</onclick>
                            <enable>System.HasAddon(script.cu.lrclyrics)</enable>
                        </control>
                        <control type="radiobutton" id="8311" description="Show colour overlay">
                            <visible>ControlGroup(8000).HasFocus(8003)</visible>
                            <width>100%</width>
                            <radioposx>settingsradioposx</radioposx>
                            <height>72</height>
                            <include>Defs_OptionButton</include>
                            <label>$LOCALIZE[31025]</label>
                            <selected>Skin.HasSetting(ShowOSDDiffuseColors)</selected>
                            <onclick>Skin.ToggleSetting(ShowOSDDiffuseColors)</onclick>
                        </control>
                        <control type="radiobutton" id="8312" description="Show scrolling background text">
                            <visible>ControlGroup(8000).HasFocus(8003)</visible>
                            <width>100%</width>
                            <radioposx>settingsradioposx</radioposx>
                            <height>72</height>
                            <include>Defs_OptionButton</include>
                            <label>$LOCALIZE[31026]</label>
                            <selected>Skin.HasSetting(ShowOSDScrollingText)</selected>
                            <onclick>Skin.ToggleSetting(ShowOSDScrollingText)</onclick>
                        </control>
                        <control type="radiobutton" id="8313" description="Black Screen when Controls / Info / Lyrics not shown">
                            <visible>ControlGroup(8000).HasFocus(8003)</visible>
                            <width>100%</width>
                            <radioposx>settingsradioposx</radioposx>
                            <height>72</height>
                            <include>Defs_OptionButton</include>
                            <label>$LOCALIZE[31053]</label>
                            <selected>Skin.HasSetting(OSDBlackScreen)</selected>
                            <onclick>Skin.ToggleSetting(OSDBlackScreen)</onclick>
                        </control>
                        <control type="radiobutton" id="8314" description="Automatically show visualisation when playing songs">
                            <visible>ControlGroup(8000).HasFocus(8003)</visible>
                            <width>100%</width>
                            <radioposx>settingsradioposx</radioposx>
                            <height>72</height>
                            <include>Defs_OptionButton</include>
                            <label>$LOCALIZE[31177]</label>
                            <selected>Skin.HasSetting(music.autovis)</selected>
                            <onclick>Skin.ToggleSetting(music.autovis)</onclick>
                        </control>

                        <!-- HEADER -->
                        <control type="label" id="8799">
                            <width>100%</width>
                            <label>31127</label>
                            <height>72</height>
                            <font>Font-ListInfo-Small-Bold</font>
                            <include>Defs_OptionButton</include>
                            <visible>ControlGroup(8000).HasFocus(8007)</visible>
                        </control>
                        <!-- Disable Clock -->
                        <control type="radiobutton" id="8701">
                            <width>100%</width>
                            <label>31138</label>
                            <radioposx>settingsradioposx</radioposx>
                            <onclick>Skin.ToggleSetting(disable.clockheader)</onclick>
                            <selected>!Skin.HasSetting(disable.clockheader)</selected>
                            <height>72</height>
                            <include>Defs_OptionButton</include>
                            <visible>ControlGroup(8000).HasFocus(8007)</visible>
                        </control>
                        <!-- Disable Weather -->
                        <control type="radiobutton" id="8702">
                            <width>100%</width>
                            <label>31115</label>
                            <radioposx>settingsradioposx</radioposx>
                            <onclick>Skin.ToggleSetting(disable.weatherheader)</onclick>
                            <selected>!Skin.HasSetting(disable.weatherheader)</selected>
                            <enable>!Skin.HasSetting(disable.clockheader)</enable>
                            <height>72</height>
                            <include>Defs_OptionButton</include>
                            <visible>ControlGroup(8000).HasFocus(8007)</visible>
                        </control>
                        <!-- Disable Header -->
                        <control type="radiobutton" id="8703">
                            <width>100%</width>
                            <label>31014</label>
                            <radioposx>settingsradioposx</radioposx>
                            <onclick>Skin.ToggleSetting(disable.mainheader)</onclick>
                            <selected>!Skin.HasSetting(disable.mainheader)</selected>
                            <height>72</height>
                            <include>Defs_OptionButton</include>
                            <visible>ControlGroup(8000).HasFocus(8007)</visible>
                        </control>
                        <!-- Switch between All/Unwatched media counter -->
                        <control type="radiobutton" id="8704">
                            <width>100%</width>
                            <radioposx>settingsradioposx</radioposx>
                            <label>31167</label>
                            <enable>!Skin.HasSetting(disable.mainheader)</enable>
                            <onclick>Skin.ToggleSetting(header.mainheadercount)</onclick>
                            <selected>Skin.HasSetting(header.mainheadercount)</selected>
                            <height>72</height>
                            <include>Defs_OptionButton</include>
                            <visible>ControlGroup(8000).HasFocus(8007)</visible>
                        </control>
                        <!-- Match header tile to highlight color -->
                        <control type="radiobutton" id="8705">
                            <width>100%</width>
                            <label>31122</label>
                            <radioposx>settingsradioposx</radioposx>
                            <onclick>Skin.ToggleSetting(header.colormatch)</onclick>
                            <selected>Skin.HasSetting(header.colormatch)</selected>
                            <height>72</height>
                            <include>Defs_OptionButton</include>
                            <visible>ControlGroup(8000).HasFocus(8007)</visible>
                        </control>
                        <!-- Header tile follows library location -->
                        <control type="radiobutton" id="8706">
                            <width>100%</width>
                            <label>31204</label>
                            <radioposx>settingsradioposx</radioposx>
                            <onclick>Skin.ToggleSetting(header.tilefollowsnode)</onclick>
                            <selected>Skin.HasSetting(header.tilefollowsnode)</selected>
                            <height>72</height>
                            <include>Defs_OptionButton</include>
                            <visible>ControlGroup(8000).HasFocus(8007)</visible>
                        </control>

                        <!-- COLORS -->
                        <control type="label" id="8899">
                            <width>100%</width>
                            <label>31126</label>
                            <height>72</height>
                            <font>Font-ListInfo-Small-Bold</font>
                            <include>Defs_OptionButton</include>
                            <visible>ControlGroup(8000).HasFocus(8008)</visible>
                        </control>
                        <!-- Main Color -->
                        <control type="button" id="8801">
                            <width>100%</width>
                            <label>31111</label>
                            <label2>$VAR[Label_SkinSetting_HighlightColor]</label2>
                            <onclick>RunScript(script.skin.helper.service,action=colorpicker,skinstring=HighlightColor)</onclick>
                            <height>72</height>
                            <include>Defs_OptionButton</include>
                            <visible>ControlGroup(8000).HasFocus(8008)</visible>
                        </control>
                        <!-- Second Color -->
                        <control type="button" id="8802">
                            <width>100%</width>
                            <label>31112</label>
                            <label2>$VAR[Label_SkinSetting_HighlightColor2]</label2>
                            <onclick>RunScript(script.skin.helper.service,action=colorpicker,skinstring=HighlightColor2)</onclick>
                            <height>72</height>
                            <include>Defs_OptionButton</include>
                            <visible>ControlGroup(8000).HasFocus(8008)</visible>
                        </control>
                        <!-- Reset Colors -->
                        <control type="button" id="8803">
                            <width>100%</width>
                            <label>31113</label>
                            <onclick>Skin.Reset(HighlightColor)</onclick>
                            <onclick>Skin.Reset(HighlightColor2)</onclick>
                            <height>72</height>
                            <include>Defs_OptionButton</include>
                            <visible>ControlGroup(8000).HasFocus(8008)</visible>
                        </control>
                        <!-- Tile Colors -->
                        <control type="radiobutton" id="8804">
                            <width>100%</width>
                            <label>31129</label>
                            <radioposx>settingsradioposx</radioposx>
                            <onclick>Skin.ToggleSetting(home.tilecolor)</onclick>
                            <selected>Skin.HasSetting(home.tilecolor)</selected>
                            <height>72</height>
                            <include>Defs_OptionButton</include>
                            <visible>ControlGroup(8000).HasFocus(8008)</visible>
                        </control>
                        <control type="radiobutton" id="8805">
                            <width>100%</width>
                            <label>31140</label>
                            <radioposx>settingsradioposx</radioposx>
                            <onclick>Skin.ToggleSetting(home.tilecolor.nofocus)</onclick>
                            <selected>Skin.HasSetting(home.tilecolor.nofocus)</selected>
                            <height>72</height>
                            <include>Defs_OptionButton</include>
                            <enable>Skin.HasSetting(home.tilecolor)</enable>
                            <visible>ControlGroup(8000).HasFocus(8008)</visible>
                        </control>

                        <!-- LIBRARY -->
                        <control type="label" id="8599">
                            <width>100%</width>
                            <label>15100</label>
                            <height>72</height>
                            <font>Font-ListInfo-Small-Bold</font>
                            <include>Defs_OptionButton</include>
                            <visible>ControlGroup(8000).HasFocus(8005)</visible>
                        </control>
                        <!-- Media Flags -->
                        <control type="radiobutton" id="8502">
                            <radioposx>settingsradioposx</radioposx>
                            <width>100%</width>
                            <label>31007</label>
                            <selected>Skin.HasSetting(furniture.showflags)</selected>
                            <onclick>Skin.ToggleSetting(furniture.showflags)</onclick>
                            <height>72</height>
                            <include>Defs_OptionButton</include>
                            <visible>ControlGroup(8000).HasFocus(8005)</visible>
                        </control>
                        <!-- Media Flags -->
                        <control type="radiobutton" id="8503">
                            <radioposx>settingsradioposx</radioposx>
                            <width>100%</width>
                            <label>31218</label>
                            <selected>Skin.HasSetting(furniture.flags.extradetail) + Skin.HasSetting(furniture.showflags)</selected>
                            <onclick>Skin.ToggleSetting(furniture.flags.extradetail)</onclick>
                            <enable>Skin.HasSetting(furniture.showflags)</enable>
                            <height>72</height>
                            <include>Defs_OptionButton</include>
                            <visible>ControlGroup(8000).HasFocus(8005)</visible>
                        </control>
                        <!-- Show Path in Info Dialog -->
                        <control type="radiobutton" id="8519">
                            <radioposx>settingsradioposx</radioposx>
                            <width>100%</width>
                            <label>$LOCALIZE[31062]</label>
                            <selected>Skin.HasSetting(InfoShowPath)</selected>
                            <onclick>Skin.ToggleSetting(InfoShowPath)</onclick>
                            <height>72</height>
                            <include>Defs_OptionButton</include>
                            <visible>ControlGroup(8000).HasFocus(8005)</visible>
                        </control>
                        <!-- Show Additional Labels in Lists-->
                        <control type="radiobutton" id="8504">
                            <radioposx>settingsradioposx</radioposx>
                            <width>100%</width>
                            <label>31214</label>
                            <selected>!Skin.HasSetting(lists.dontshowextralabels)</selected>
                            <onclick>Skin.ToggleSetting(lists.dontshowextralabels)</onclick>
                            <height>72</height>
                            <include>Defs_OptionButton</include>
                            <visible>ControlGroup(8000).HasFocus(8005)</visible>
                        </control>
                        <!-- Show User Ratings -->
                        <control type="radiobutton" id="8505">
                            <radioposx>settingsradioposx</radioposx>
                            <width>100%</width>
                            <label>31213</label>
                            <selected>Skin.HasSetting(music.showuserratings) + !Skin.HasSetting(lists.dontshowextralabels)</selected>
                            <onclick>Skin.ToggleSetting(music.showuserratings)</onclick>
                            <enable>!Skin.HasSetting(lists.dontshowextralabels)</enable>
                            <height>72</height>
                            <include>Defs_OptionButton</include>
                            <visible>ControlGroup(8000).HasFocus(8005)</visible>
                        </control>
                        <!-- Hub Plot -->
                        <control type="radiobutton" id="8506">
                            <radioposx>settingsradioposx</radioposx>
                            <width>100%</width>
                            <label>31194</label>
                            <selected>!Skin.HasSetting(furniture.hidehubplot)</selected>
                            <onclick>Skin.ToggleSetting(furniture.hidehubplot)</onclick>
                            <height>72</height>
                            <include>Defs_OptionButton</include>
                            <visible>ControlGroup(8000).HasFocus(8005)</visible>
                        </control>
                        <!-- Overlay Plot -->
                        <control type="radiobutton" id="8507">
                            <radioposx>settingsradioposx</radioposx>
                            <width>100%</width>
                            <label>31008</label>
                            <selected>Skin.HasSetting(furniture.overlayinfo)</selected>
                            <onclick>Skin.ToggleSetting(furniture.overlayinfo)</onclick>
                            <height>72</height>
                            <include>Defs_OptionButton</include>
                            <visible>ControlGroup(8000).HasFocus(8005)</visible>
                        </control>
                        <!-- Switch Positions -->
                        <control type="radiobutton" id="8516">
                            <radioposx>settingsradioposx</radioposx>
                            <width>100%</width>
                            <label>$LOCALIZE[31240]</label>
                            <onclick>Skin.ToggleSetting(SwitchSides)</onclick>
                            <selected>Skin.HasSetting(SwitchSides)</selected>
                            <height>72</height>
                            <include>Defs_OptionButton</include>
                            <visible>ControlGroup(8000).HasFocus(8005)</visible>
                        </control>
                        <!-- Extrafanart -->
                        <control type="radiobutton" id="8509">
                            <radioposx>settingsradioposx</radioposx>
                            <width>100%</width>
                            <label>31231</label>
                            <onclick>Skin.ToggleSetting(SkinHelper.EnableExtraFanart)</onclick>
                            <selected>Skin.HasSetting(SkinHelper.EnableExtraFanart)</selected>
                            <height>72</height>
                            <include>Defs_OptionButton</include>
                            <visible>ControlGroup(8000).HasFocus(8005)</visible>
                        </control>
                        <!-- Div Indicators Label -->
                        <control type="image" id="8510">
                            <width>100%</width>
                            <height>72</height>
                            <texture border="30">common/div.png</texture>
                            <include>Defs_OptionButton</include>
                            <visible>ControlGroup(8000).HasFocus(8005)</visible>
                        </control>
                        <control type="label" id="8511">
                            <width>100%</width>
                            <label>$LOCALIZE[31033]</label>
                            <height>72</height>
                            <font>Font-ListInfo-Small-Bold</font>
                            <include>Defs_OptionButton</include>
                            <visible>ControlGroup(8000).HasFocus(8005)</visible>
                        </control>
                        <control type="radiobutton" id="8512">
                            <radioposx>settingsradioposx</radioposx>
                            <width>100%</width>
                            <label>$LOCALIZE[31037]</label>
                            <onclick>Skin.ToggleSetting(Indicator.Watched)</onclick>
                            <selected>!Skin.HasSetting(Indicator.Watched)</selected>
                            <height>72</height>
                            <include>Defs_OptionButton</include>
                            <visible>ControlGroup(8000).HasFocus(8005)</visible>
                        </control>
                        <control type="radiobutton" id="8513">
                            <radioposx>settingsradioposx</radioposx>
                            <width>100%</width>
                            <label>$LOCALIZE[31040]</label>
                            <onclick>Skin.ToggleSetting(Indicator.New)</onclick>
                            <selected>!Skin.HasSetting(Indicator.New)</selected>
                            <height>72</height>
                            <include>Defs_OptionButton</include>
                            <visible>ControlGroup(8000).HasFocus(8005)</visible>
                        </control>
                        <control type="radiobutton" id="8514">
                            <radioposx>settingsradioposx</radioposx>
                            <width>100%</width>
                            <label>$LOCALIZE[31041]</label>
                            <onclick>Skin.ToggleSetting(Indicator.Resume)</onclick>
                            <selected>!Skin.HasSetting(Indicator.Resume)</selected>
                            <height>72</height>
                            <include>Defs_OptionButton</include>
                            <visible>ControlGroup(8000).HasFocus(8005)</visible>
                        </control>
                        <control type="radiobutton" id="8515">
                            <radioposx>settingsradioposx</radioposx>
                            <width>100%</width>
                            <label>$LOCALIZE[31042]</label>
                            <onclick>Skin.ToggleSetting(Indicator.UnWatchedEpisodes)</onclick>
                            <selected>Skin.HasSetting(Indicator.UnWatchedEpisodes)</selected>
                            <height>72</height>
                            <include>Defs_OptionButton</include>
                            <visible>ControlGroup(8000).HasFocus(8005)</visible>
                        </control>
                        
                        

                        <!-- INSTALL -->
                        <control type="label" id="8699">
                            <width>100%</width>
                            <label>31198</label>
                            <height>72</height>
                            <font>Font-ListInfo-Small-Bold</font>
                            <include>Defs_OptionButton</include>
                            <visible>ControlGroup(8000).HasFocus(8006)</visible>
                        </control>
                        <control type="radiobutton" id="8601">
                            <width>100%</width>
                            <label>script.skin.helper.service</label>
                            <label2>$INFO[System.AddonVersion(script.skin.helper.service)]        </label2>
                            <onclick condition="!System.HasAddon(script.skin.helper.service)">InstallAddon(script.skin.helper.service)</onclick>
                            <onclick condition="System.HasAddon(script.skin.helper.service)">Addon.OpenSettings(script.skin.helper.service)</onclick>
                            <selected>System.HasAddon(script.skin.helper.service)</selected>
                            <radioposx>settingsradioposx</radioposx>
                            <height>72</height>
                            <include>Defs_OptionButton</include>
                            <visible>ControlGroup(8000).HasFocus(8006)</visible>
                        </control>
                        <control type="radiobutton" id="8602">
                            <width>100%</width>
                            <label>script.extendedinfo</label>
                            <label2>$INFO[System.AddonVersion(script.extendedinfo)]        </label2>
                            <onclick condition="!System.HasAddon(script.extendedinfo)">InstallAddon(script.extendedinfo)</onclick>
                            <onclick condition="System.HasAddon(script.extendedinfo)">Addon.OpenSettings(script.extendedinfo)</onclick>
                            <selected>System.HasAddon(script.extendedinfo)</selected>
                            <radioposx>settingsradioposx</radioposx>
                            <height>72</height>
                            <include>Defs_OptionButton</include>
                            <visible>ControlGroup(8000).HasFocus(8006)</visible>
                        </control>
                        <control type="radiobutton" id="8603">
                            <width>100%</width>
                            <label>script.skinshortcutszephyr</label>
                            <label2>$INFO[System.AddonVersion(script.skinshortcutszephyr)]        </label2>
                            <onclick condition="!System.HasAddon(script.skinshortcutszephyr)">InstallAddon(script.skinshortcutszephyr)</onclick>
                            <onclick condition="System.HasAddon(script.skinshortcutszephyr)">Addon.OpenSettings(script.skinshortcutszephyr)</onclick>
                            <selected>System.HasAddon(script.skinshortcutszephyr)</selected>
                            <radioposx>settingsradioposx</radioposx>
                            <height>72</height>
                            <include>Defs_OptionButton</include>
                            <visible>ControlGroup(8000).HasFocus(8006)</visible>
                        </control>
                        <control type="radiobutton" id="8604">
                            <width>100%</width>
                            <label>script.image.resource.select</label>
                            <label2>$INFO[System.AddonVersion(script.image.resource.select)]        </label2>
                            <onclick condition="!System.HasAddon(script.image.resource.select)">InstallAddon(script.image.resource.select)</onclick>
                            <onclick condition="System.HasAddon(script.image.resource.select)">Addon.OpenSettings(script.image.resource.select)</onclick>
                            <selected>System.HasAddon(script.image.resource.select)</selected>
                            <radioposx>settingsradioposx</radioposx>
                            <height>72</height>
                            <include>Defs_OptionButton</include>
                            <visible>ControlGroup(8000).HasFocus(8006)</visible>
                        </control>
                        <control type="radiobutton" id="8605">
                            <width>100%</width>
                            <label>plugin.program.autocompletion</label>
                            <label2>$INFO[System.AddonVersion(plugin.program.autocompletion)]        </label2>
                            <onclick condition="!System.HasAddon(plugin.program.autocompletion)">InstallAddon(plugin.program.autocompletion)</onclick>
                            <onclick condition="System.HasAddon(plugin.program.autocompletion)">Addon.OpenSettings(plugin.program.autocompletion)</onclick>
                            <selected>System.HasAddon(plugin.program.autocompletion)</selected>
                            <radioposx>settingsradioposx</radioposx>
                            <height>72</height>
                            <include>Defs_OptionButton</include>
                            <visible>ControlGroup(8000).HasFocus(8006)</visible>
                        </control>
                        <control type="radiobutton" id="8606">
                            <width>100%</width>
                            <label>script.artistslideshow</label>
                            <label2>$INFO[System.AddonVersion(script.artistslideshow)]        </label2>
                            <onclick condition="!System.HasAddon(script.artistslideshow)">InstallAddon(script.artistslideshow)</onclick>
                            <onclick condition="System.HasAddon(script.artistslideshow)">Addon.OpenSettings(script.artistslideshow)</onclick>
                            <selected>System.HasAddon(script.artistslideshow)</selected>
                            <radioposx>settingsradioposx</radioposx>
                            <height>72</height>
                            <include>Defs_OptionButton</include>
                            <visible>ControlGroup(8000).HasFocus(8006)</visible>
                        </control>
                        <control type="radiobutton" id="8607">
                            <width>100%</width>
                            <label>resource.images.weatherfanart.multi</label>
                            <label2>$INFO[System.AddonVersion(resource.images.weatherfanart.multi)]        </label2>
                            <onclick condition="!System.HasAddon(resource.images.weatherfanart.multi)">InstallAddon(resource.images.weatherfanart.multi)</onclick>
                            <onclick condition="System.HasAddon(resource.images.weatherfanart.multi)">Addon.OpenSettings(resource.images.weatherfanart.multi)</onclick>
                            <selected>System.HasAddon(resource.images.weatherfanart.multi)</selected>
                            <radioposx>settingsradioposx</radioposx>
                            <height>72</height>
                            <include>Defs_OptionButton</include>
                            <visible>ControlGroup(8000).HasFocus(8006)</visible>
                        </control>
                        <control type="radiobutton" id="8611">
                            <width>100%</width>
                            <label>resource.images.moviegenreicons.transparent</label>
                            <label2>$INFO[System.AddonVersion(resource.images.moviegenreicons.transparent)]        </label2>
                            <onclick condition="!System.HasAddon(resource.images.moviegenreicons.transparent)">InstallAddon(resource.images.moviegenreicons.transparent)</onclick>
                            <onclick condition="System.HasAddon(resource.images.moviegenreicons.transparent)">Addon.OpenSettings(resource.images.moviegenreicons.transparent)</onclick>
                            <selected>System.HasAddon(resource.images.moviegenreicons.transparent)</selected>
                            <radioposx>settingsradioposx</radioposx>
                            <height>72</height>
                            <include>Defs_OptionButton</include>
                            <visible>ControlGroup(8000).HasFocus(8006)</visible>
                        </control>
                        <control type="radiobutton" id="8608">
                            <width>100%</width>
                            <label>script.globalsearch</label>
                            <label2>$INFO[System.AddonVersion(script.globalsearch)]        </label2>
                            <onclick condition="!System.HasAddon(script.globalsearch)">InstallAddon(script.globalsearch)</onclick>
                            <onclick condition="System.HasAddon(script.globalsearch)">Addon.OpenSettings(script.globalsearch)</onclick>
                            <selected>System.HasAddon(script.globalsearch)</selected>
                            <radioposx>settingsradioposx</radioposx>
                            <height>72</height>
                            <include>Defs_OptionButton</include>
                            <visible>ControlGroup(8000).HasFocus(8006)</visible>
                        </control>
                        <control type="radiobutton" id="8610">
                            <width>100%</width>
                            <label>script.artwork.downloader</label>
                            <label2>$INFO[System.AddonVersion(script.artwork.downloader)]        </label2>
                            <onclick condition="!System.HasAddon(script.artwork.downloader)">InstallAddon(script.artwork.downloader)</onclick>
                            <onclick condition="System.HasAddon(script.artwork.downloader)">Addon.OpenSettings(script.artwork.downloader)</onclick>
                            <selected>System.HasAddon(script.artwork.downloader)</selected>
                            <radioposx>settingsradioposx</radioposx>
                            <height>72</height>
                            <include>Defs_OptionButton</include>
                            <visible>ControlGroup(8000).HasFocus(8006)</visible>
                        </control>
                        <control type="radiobutton" id="8609">
                            <width>100%</width>
                            <label>service.nextup.notification</label>
                            <label2>$INFO[System.AddonVersion(service.nextup.notification)]        </label2>
                            <onclick condition="!System.HasAddon(service.nextup.notification)">InstallAddon(service.nextup.notification)</onclick>
                            <onclick condition="System.HasAddon(service.nextup.notification)">Addon.OpenSettings(service.nextup.notification)</onclick>
                            <selected>System.HasAddon(service.nextup.notification)</selected>
                            <radioposx>settingsradioposx</radioposx>
                            <height>72</height>
                            <include>Defs_OptionButton</include>
                            <visible>ControlGroup(8000).HasFocus(8006)</visible>
                        </control>

                        <!-- EXTRAS / PANELS -->
                        <control type="label" id="8901">
                            <width>100%</width>
                            <label>31197</label>
                            <height>72</height>
                            <font>Font-ListInfo-Small-Bold</font>
                            <include>Defs_OptionButton</include>
                            <visible>ControlGroup(8000).HasFocus(8009)</visible>
                        </control>
                        <!-- Info Line -->
                        <control type="radiobutton" id="8913">
                            <radioposx>settingsradioposx</radioposx>
                            <width>100%</width>
                            <label>31165</label>
                            <selected>!Skin.HasSetting(furniture.hidesortinfo)</selected>
                            <onclick>Skin.ToggleSetting(furniture.hidesortinfo)</onclick>
                            <height>72</height>
                            <include>Defs_OptionButton</include>
                            <visible>ControlGroup(8000).HasFocus(8009)</visible>
                        </control>
                        <!-- Object Shadows -->
                        <control type="radiobutton" id="8902">
                            <radioposx>settingsradioposx</radioposx>
                            <width>100%</width>
                            <label>31004</label>
                            <selected>!Skin.HasSetting(global.hideobjectshadows)</selected>
                            <onclick>Skin.ToggleSetting(global.hideobjectshadows)</onclick>
                            <onclick>ReloadSkin()</onclick>
                            <onclick>SetFocus(8009)</onclick>
                            <onclick>AlarmClock(setfo,SetFocus(8902),00:00,silent)</onclick>
                            <height>72</height>
                            <include>Defs_OptionButton</include>
                            <visible>ControlGroup(8000).HasFocus(8009)</visible>
                        </control>
                        <!-- Dialog Shadows -->
                        <control type="radiobutton" id="8910">
                            <radioposx>settingsradioposx</radioposx>
                            <width>100%</width>
                            <label>31224</label>
                            <selected>Skin.HasSetting(global.showdialogshadows)</selected>
                            <onclick>Skin.ToggleSetting(global.showdialogshadows)</onclick>
                            <onclick>ReloadSkin()</onclick>
                            <onclick>SetFocus(8009)</onclick>
                            <onclick>AlarmClock(setfo,SetFocus(8910),00:00,silent)</onclick>
                            <height>72</height>
                            <include>Defs_OptionButton</include>
                            <visible>ControlGroup(8000).HasFocus(8009)</visible>
                        </control>
                        <!-- Wide Screen -->
                        <control type="radiobutton" id="8903">
                            <radioposx>settingsradioposx</radioposx>
                            <width>100%</width>
                            <label>31196</label>
                            <selected>!Skin.HasSetting(global.widescreen)</selected>
                            <onclick>Skin.ToggleSetting(global.widescreen)</onclick>
                            <onclick>ReloadSkin()</onclick>
                            <onclick>SetFocus(8009)</onclick>
                            <onclick>AlarmClock(setfo,SetFocus(8903),00:00,silent)</onclick>
                            <height>72</height>
                            <include>Defs_OptionButton</include>
                            <visible>ControlGroup(8000).HasFocus(8009)</visible>
                        </control>
                        <!-- Side Labels -->
                        <control type="radiobutton" id="8911">
                            <radioposx>settingsradioposx</radioposx>
                            <width>100%</width>
                            <label>31225</label>
                            <selected>Skin.HasSetting(global.eminenceonestyle)</selected>
                            <onclick>Skin.ToggleSetting(global.eminenceonestyle)</onclick>
                            <enable>!Skin.HasSetting(global.widescreen)</enable>
                            <height>72</height>
                            <include>Defs_OptionButton</include>
                            <visible>ControlGroup(8000).HasFocus(8009)</visible>
                        </control>
                        <!-- Div Extras Label -->
                        <control type="image" id="8904">
                            <width>100%</width>
                            <height>72</height>
                            <texture border="30">common/div.png</texture>
                            <include>Defs_OptionButton</include>
                            <visible>ControlGroup(8000).HasFocus(8009)</visible>
                        </control>
                        <control type="label" id="8905">
                            <width>100%</width>
                            <label>31110</label>
                            <height>72</height>
                            <font>Font-ListInfo-Small-Bold</font>
                            <include>Defs_OptionButton</include>
                            <visible>ControlGroup(8000).HasFocus(8009)</visible>
                        </control>
                        <!-- Vertical Menus -->
                        <control type="radiobutton" id="8917">
                            <radioposx>settingsradioposx</radioposx>
                            <width>100%</width>
                            <label>$LOCALIZE[31051]</label>
                            <selected>!Skin.HasSetting(HorizontalMenus)</selected>
                            <onclick>Skin.ToggleSetting(HorizontalMenus)</onclick>
                            <height>72</height>
                            <include>Defs_OptionButton</include>
                            <visible>ControlGroup(8000).HasFocus(8009)</visible>
                        </control>
                        <!-- Kiosk -->
                        <control type="radiobutton" id="8906">
                            <radioposx>settingsradioposx</radioposx>
                            <width>100%</width>
                            <label>31057</label>
                            <selected>Skin.HasSetting(KioskMode)</selected>
                            <onclick>Skin.ToggleSetting(KioskMode)</onclick>
                            <height>72</height>
                            <include>Defs_OptionButton</include>
                            <visible>ControlGroup(8000).HasFocus(8009)</visible>
                        </control>
                        <!-- Customise Shutdown Menu -->
                        <control type="button" id="8907">
                            <width>100%</width>
                            <label>31183</label>
                            <onclick>RunScript(script.skinshortcutszephyr,type=manage&amp;group=powermenu)</onclick>
                            <height>72</height>
                            <include>Defs_OptionButton</include>
                            <visible>ControlGroup(8000).HasFocus(8009)</visible>
                        </control>
                        <!-- Startup Video -->
                        <control type="button" id="8908">
                            <width>100%</width>
                            <visible>ControlGroup(8000).HasFocus(8009)</visible>
                            <height>72</height>
                            <include>Defs_OptionButton</include>
                            <label>31184</label>
                            <label2>$VAR[Label_SkinSetting_StartupVideo]</label2>
                            <onclick condition="String.IsEmpty(Skin.String(StartupPlaylist))">Skin.SetFile(StartupPlaylist,.mp4|.avi|.mkv|.xvid|.wmv|.mov|.xsp|.mp3|.wma|.flac|.m3u)</onclick>
                            <onclick condition="!String.IsEmpty(Skin.String(StartupPlaylist))">Skin.Reset(StartupPlaylist)</onclick>
                        </control>
                        <!-- Busy Spinner -->
                        <control type="button" id="8909">
                            <width>100%</width>
                            <label>31160</label>
                            <label2>$VAR[Label_SkinSetting_BusyTexture]</label2>
                            <onclick>RunScript(script.skin.helper.service,action=busytexture)</onclick>
                            <height>72</height>
                            <include>Defs_OptionButton</include>
                            <visible>ControlGroup(8000).HasFocus(8009)</visible>
                        </control>
                        
                        <control type="radiobutton" id="8918">
                            <radioposx>settingsradioposx</radioposx>
                            <width>100%</width>
                            <label>$LOCALIZE[31024]</label>
                            <selected>Skin.HasSetting(DebugInfo)</selected>
                            <onclick>Skin.ToggleSetting(DebugInfo)</onclick>
                            <height>72</height>
                            <include>Defs_OptionButton</include>
                            <visible>ControlGroup(8000).HasFocus(8009)</visible>
                        </control>

                        <!-- RESET -->
                        <control type="label" id="8979">
                            <width>100%</width>
                            <label>31170</label>
                            <height>72</height>
                            <font>Font-ListInfo-Small-Bold</font>
                            <include>Defs_OptionButton</include>
                            <visible>ControlGroup(8000).HasFocus(8099)</visible>
                        </control>
                        <!-- Backup -->
                        <control type="button" id="8997">
                            <width>100%</width>
                            <label>31161</label>
                            <onclick>RunScript(script.skin.helper.service,action=backup)</onclick>
                            <height>72</height>
                            <include>Defs_OptionButton</include>
                            <visible>ControlGroup(8000).HasFocus(8099)</visible>
                        </control>
                        <!-- Restore -->
                        <control type="button" id="8998">
                            <width>100%</width>
                            <label>31162</label>
                            <onclick>RunScript(script.skin.helper.service,action=restore)</onclick>
                            <height>72</height>
                            <include>Defs_OptionButton</include>
                            <visible>ControlGroup(8000).HasFocus(8099)</visible>
                        </control>
                        <!-- Reset Skin to Defaults -->
                        <control type="button" id="8999">
                            <width>100%</width>
                            <label>31169</label>
                            <onclick>Skin.ResetSettings</onclick>
                            <onclick>Skin.SetString(home.mainheadertext,$LOCALIZE[31158])</onclick>
                            <onclick>Skin.SetString(home.headertext,$LOCALIZE[10000])</onclick>
                            <onclick>Skin.SetString(home.widgetposters,$LOCALIZE[31153])</onclick>
                            <onclick>RunScript(script.skinshortcutszephyr,type=resetall)</onclick>
                            <height>72</height>
                            <include>Defs_OptionButton</include>
                            <visible>ControlGroup(8000).HasFocus(8099)</visible>
                        </control>
                    </control>
                </control>
            </control>

            <!-- Arrows -->
            <control type="group">
                <control type="image">
                    <top>-35</top>
                    <centerleft>50%</centerleft>
                    <width>16</width>
                    <height>16</height>
                    <texture colordiffuse="SubLabel" flipy="true">common/16-arrow-down.png</texture>
                    <visible>Container(9001).HasPrevious</visible>
                </control>
                <control type="image">
                    <bottom>-10</bottom>
                    <centerleft>50%</centerleft>
                    <width>16</width>
                    <height>16</height>
                    <texture colordiffuse="SubLabel" flipy="false">common/16-arrow-down.png</texture>
                    <visible>Container(9001).HasNext</visible>
                </control>
            </control>
        </control>
    </controls>

</window>