<?xml version="1.0" encoding="UTF-8" standalone="yes"?>
<addon id="plugin.program.jansolowizard" name="[COLOR blue]JanSolo[/COLOR][COLOR white]Wizard[/COLOR]" version="1.8.9" provider-name="JanSolo">
  <requires>
    <import addon="xbmc.python" version="2.1.0"/>
  </requires>
  
  <extension point="xbmc.addon.repository" name="Mi repositorio">
        <info>https://raw.githubusercontent.com/walterbishop2019/walterbishop/master/zips/addons.xml</info>
        <checksum>https://raw.githubusercontent.com/walterbishop2019/walterbishop/master/zips/addons.xml.md5</checksum>
        <datadir zip="true">https://raw.githubusercontent.com/walterbishop2019/walterbishop/master/zips/</datadir>
    </extension>
  
  <extension point="xbmc.python.pluginsource" library="default.py">
        <provides>executable</provides>
  </extension>
  <extension point="xbmc.service" library="startup.py" start="startup" />
  <extension point="xbmc.addon.metadata">
    <summary lang="en">JanSolo Wizard</summary>
    <description lang="en">JanSolo Wizard los mejores wizard y ajustes a un click.</description>
    <platform>all</platform>
  </extension>
</addon>