<?xml version="1.0" encoding="UTF-8" standalone="yes"?>
<addon id="repository.CanalNereo" name="[COLOR lime]Repo Canal Nereo[/COLOR] Repo" version="1.0.2" provider-name="Canal Nereo">
	<extension point="xbmc.addon.repository" name="Mi repositorio">
		<info>https://raw.githubusercontent.com/canalnereo/RepoCanalNereo/master/Repositorio/addons.xml</info>
		<checksum>https://raw.githubusercontent.com/canalnereo/RepoCanalNereo/master/Repositorio/addons.xml.md5</checksum>
		<datadir zip="true">https://raw.githubusercontent.com/canalnereo/RepoCanalNereo/master/Repositorio/</datadir>
	</extension>
	<extension point="xbmc.addon.metadata">
		<summary>Repositorio para Mi</summary>
		<description></description>
		<disclaimer></disclaimer>
		<platform>all</platform>
	</extension>
</addon>
