{
    "active": true,
    "adult": false,
    "categories": [
        "movie",
        "tvshow"
    ],
    "changes": [
        {
            "date": "29/05/2019",
            "description": "Cambio de dominios"
        },
        {
            "date": "24/05/2019",
            "description": "Desactivado temporalmente"
        },
        {
            "date": "18/04/2019",
            "description": "Fix enlaces descargas2020"
        },
        {
            "date": "14/02/2019",
            "description": "Fix posters y servidor powvideo"
        },
        {
            "date": "13/01/2019",
            "description": "Fix filtrado por idiomas"
        },
        {
            "date": "20/11/2018",
            "description": "Añadida selección del Host en la configuración"
        },
        {
            "date": "09/11/2018",
            "description": "Primera versión"
        }
    ],
    "id": "newpct",
    "min_version": {
        "main": "1.0.4",
        "python": "2.7.9"
    },
    "name": "Newpct",
    "search": {
        "movie":{
            "action": "search",
            "content_type": "movies"
        },
        "tvshow": {
            "action": "search",
            "content_type": "tvshows"
        }
    },
    "newest": {
        "movie": {
          "action": "movies",
          "categoryIDR": 1027,
          "content_type": "movies"
        },
        "tvshow": {
          "action": "tvshows",
          "content_type": "tvshows"
        },
        "episode":{
          "action": "newest_episodes",
          "categoryIDR": 1469,
          "content_type": "episodes"
        }
    },
    "settings": [
        {
         "default": 0,
         "id": "host",
         "label": "Usar el siguiente dominio",
         "type": "list",
         "lvalues": [
             "https://torrentlocura.cc",
             "http://descargas2020.org",
             "http://torrentlocura.com"
            ]
        }
    ],
    "version": 7
}