{
    "active": true,
    "changes": [
        {
            "date": "10/06/2019",
            "description": "Cambios internos"
        },
        {
            "date": "08/06/2019",
            "description": "Cambios internos"
        },
        {
            "date": "29/04/2019",
            "description": "Primera version"
        }
    ],
    "find_videos": {
        "ignore_urls": [],
        "patterns": [
            {
                "pattern": "vidtodo.com/([A-z0-9]+)",
                "url": "http://vidtodo.com/\\1"
            }
        ]
    },
    "free": true,
    "id": "vidtodo",
    "name": "Vidtodo",
    "settings": [],
    "version": 3
}