<?xml version="1.0" encoding="UTF-8" standalone="yes"?>
<addon id="plugin.video.FusionOrg"
    name="Fusion Org"
    version="0.50"
    provider-name="Team-Fusion">
    <requires>
    <import version="2.25.0" addon="xbmc.python"/>
    <import addon="plugin.video.youtube" version="6.5.1"/>
    <import addon="script.module.requests" version="2.22.0"/>
    <import addon="script.module.urlresolver" version="5.0.41"/>
    <import addon="script.module.resolveurl" version="5.0.34" optional="true"/>
    <import addon="script.module.urllib3" version="1.25.3"/>
    <import addon="script.trakt" version="3.2.4" optional="true"/>
    <import addon="script.module.pydevd" optional="true"/>
  </requires>
  <extension point="xbmc.python.pluginsource" library="default.py">
    <provides>video</provides>
  </extension>
  <extension point="xbmc.addon.metadata">
    <summary lang="en">Fusion Org</summary>
    <description lang="en">The Future is in You</description>
    <summary lang="es">Fusion Org</summary>
    <description lang="es">El Futuro esta en Ustedes</description>
	<assets>
		<icon>icon.png</icon>
		<fanart>fanart.jpg</fanart>
		<screenshot>resources/media/ss/1.jpg</screenshot>
		<screenshot>resources/media/ss/2.jpg</screenshot>
		<screenshot>resources/media/ss/3.jpg</screenshot>
		<screenshot>resources/media/ss/4.jpg</screenshot>
    </assets>
    <news>
    Cambios de la version 0.50
*Agregado vshare
*Mejora en uptobox
*Uptobox y uptostream bloqueados en USA usar VPN
    </news>
    <platform>all</platform>
  </extension>
</addon>

