<?xml version="1.0" encoding="UTF-8" standalone="yes"?>
<addon id="plugin.video.evilstreams"
       name="[COLOR gold]EvilStreams[/COLOR]" 
       version="2.0"
       provider-name="David">
  <requires>
    <import addon="xbmc.python" version="2.1.0"/>
    <import addon="script.module.beautifulsoup" version="3.2.1"/>
    <import addon="script.module.simple.downloader" version="0.9.4"/>
    <import addon="script.module.beautifulsoup4" />
    <import addon="script.module.requests" />
    <import addon="script.module.httplib2" />
    <import addon="script.module.liveresolver" version="0.1.24" optional="true"/>
    <import addon="script.module.youtube.dl" />
    <import addon="plugin.video.youtube"  />
    <import addon="script.module.urlresolver" />
    <import addon="script.module.simplejson" />    
     <import addon="script.module.livestreamer" optional="true"/>
     <import addon="script.module.pyamf" optional="true"/>
  </requires>
  <extension point="xbmc.python.pluginsource" library="default.py">
    <provides>video </provides>
  </extension> 
  
 

  <extension point="xbmc.addon.metadata">
    <summary>Creado por David</summary>
    <description>Este addon no aloja ningun tipo de contenido, todo son recopilaciones de internet.</description>
    <platform>all</platform>
  </extension>
</addon>
