{
  "id": "netutv",
  "more_ids": ["netu", "waaw", "hqq"],
  "name": "Netutv",
 
  "active": true,

  "find_videos": {
    "ignore_urls": [],
    "patterns": [
      {
        "pattern": "/netu/tv/(embed_)(.*?$)",
        "url": "http://netu.tv/watch_video.php?v=\\2"
      },
      {
        "pattern": "(?:hqq|waaw|netu|waaw1)(?:\\.tv\\/|\\.watch\\/|\\.php\\?).*?(?:v=|vid=)([a-zA-Z0-9]+)",
        "url": "http://netu.tv/watch_video.php?v=\\1"
      },
      {
        "pattern": "(?:hqq|waaw|netu|waaw1)(?:\\.tv\\/|\\.watch\\/|\\.php\\?).*hash=([A-z0-9]+)",
        "url": "http://hqq.tv/player/hash.php?hash=\\1"
      }
    ]
  }

}